Workbook

Sheet Read Me
B2: Textbook Track & Trace: Printer Data Requirement
B3: Full data for books and packages (cartons), packed to zone level
B6: 1. Purpose
B7: Why we need this | C7: Our Track & Trace system follows every textbook from the printer to the region and zone stores, and on to woredas and schools. The data you send is the base of the system: it creates the book register and the carton register that every store checks against when the cartons arrive. Please send the complete data for every region in the layout of this workbook.
B8: The mockup | C8: Thank you for the mockup file (BG_Package_with_images.xlsx). The sheet "Mockup Review" lists what to keep, what to change and what to add when you prepare the full data.
B9: Scope | C9: All regions, all zones, all titles of the print order. Packing and delivery are up to zone level: every carton belongs to exactly one zone.
B11: 2. What to send
B12: 1_Books | C12: Every book edition and its QR code. Student book and Teacher guide are separate rows.
B13: 2_Zone_Allocation | C13: The distribution plan: how many Student books and Teacher guides of each title go to each zone. Grey columns calculate the cartons.
B14: 3_Package_List | C14: Every physical carton: its zone, its label QR text, and exactly which books are inside.
B15: QR image files | C15: A ZIP file with the QR code images of every book and every zone carton label, in the folder layout of section 7.
B16: Field Guide | C16: Explains every column, whether it is required, and what the system uses it for.
B18: 3. File rules
B19: Format | C19: - Send .xlsx. One workbook per print order; all regions may be in one file (the Region column separates them). - Keep the sheet names and column headers exactly as they are. Do not merge cells, add header rows, or leave blank rows inside the data. - Delete the blue example rows before sending. - Codes and IDs are text: keep leading zeros (0101, not 101). - Quantities are plain whole numbers (never text such as "40+1"). - If you need more rows than are prepared, copy the last row (with its grey formulas) down.
B20: Updates | C20: If the data changes after you send it (for example a carton is re-packed), send the full workbook again and list the changes in an email.
B22: 4. Colour legend
B23: Dark blue header | C23: Required column.
B24: Light blue header | C24: Optional column. Fill in if you have the information.
B25: Grey header / cell | C25: Calculated by formula. Do not type here.
B26: Yellow cell | C26: Printer fills in.
B27: Blue italic row | C27: Example row that shows the expected format. Delete before sending.
B28: Green / red check | C28: Check columns turn green when the numbers agree and red when they do not. Duplicated codes or IDs turn red.
B30: 5. Carton (package) rules
B31: Carton size | C31: At most 40 Student books per carton (plus 1 Teacher guide in a full carton), or at most 40 Teacher guides. A partial carton holds 40 books or less in total. If a title needs a different carton size, give it in 1_Books "Books per Carton".
B32: Full carton | C32: Full (40 ST + 1 TG): 40 Student books + 1 Teacher guide of the same title. Pack these first, while Teacher guides are available.
B33: Student-only carton | C33: Student only (40 ST): 40 Student books, no Teacher guide. Used when the zone has fewer Teacher guides than full cartons, and for titles without a Teacher guide.
B34: Teacher-guide carton | C34: Teacher guide only (40 TG): 40 Teacher guides. Used when Teacher guides are left over after the full cartons.
B35: Partial carton | C35: Partial: the leftover Student books and/or Teacher guides of one title. Put both in ONE partial carton when they fit (40 books or less), otherwise two partial cartons. (Same as your "ST Teilcarton", "TG Teilcarton" and "ST+TG Teilcarton".)
B36: One title, one zone | C36: Never mix different titles (grade, subject or language) or different zones in one carton.
B38: 6. QR codes and labels
B39: Book QR code | C39: There is one QR code per BOOK TYPE per REGION. A book type is one grade + subject (language) + edition (Student book or Teacher guide). Every copy of that book type for that region carries the same QR code; copies are not numbered one by one. The QR must identify the region and the book type, so the same book type printed for two regions has two different QR codes. In 1_Books give one row per book type per region, with its "Book QR Code No." and the EXACT text inside the QR ("QR Code Text"). No two rows may share a QR code number or a QR text.
B40: Carton label QR | C40: The carton QR code identifies the ZONE. Every carton for the same zone carries the same QR code, for every book type. Each zone must have its own QR code, different from every other zone. In 3_Package_List give its number ("Package QR Code No.") and the exact text inside it ("Package QR Text"). When a carton is scanned, the system reads the zone from this QR and checks that the carton is at the right store.
B41: Carton label text | C41: Because the QR only gives the zone, the printed label must show in plain text: Region, Zone and Zone Code, Grade, Subject, Edition(s), number of Student books, number of Teacher guides, carton number "n of N" for that title in that zone, and the Carton Label No. if you use one.
B42: Zone names | C42: Use the official zone names and codes. We will send the official list for each region; tell us if a zone in your plan is not on it.
B43: Test samples | C43: Before mass printing, please send 2-3 printed books and 2 printed carton labels so we can test scanning.
B45: 7. QR code image files
B46: What to send | C46: One image for every QR code in the workbook: every Book QR Code No. in 1_Books (one per book type per region, not per copy) and every Package QR Code No. in 3_Package_List (normally one per zone). Send them as one ZIP file together with this workbook. Do not paste images into Excel.
B47: Folder layout | C47: Books <Region> <Book QR Code No.>.png Package <Region> <Zone Name> <Package QR Code No.>.png Example: Books/Benishangul Gumuz/25101-046-2-0091.png Example: Package/Benishangul Gumuz/Assosa/BG-Z-0101.png
B48: File names | C48: - The file name is exactly the QR code number from the table, plus ".png". No extra words, spaces or copies such as "(1)". - Folder names are exactly the Region and Zone Name as written in the tables. - The grey column "QR Image File" in 1_Books and 3_Package_List shows the exact path we expect for each row. - Do not use these characters in codes or names: / \ : * ? " < > |
B49: Image quality | C49: PNG, at least 600 x 600 pixels, black on white, with the white quiet zone around the code. Each image must scan to exactly the "QR Code Text" / "Package QR Text" in its row.

Sheet Mockup Review
A1: Review of the mockup: BG_Package_with_images.xlsx
A2: Mockup: 1 region (Benishangul Gumuz), 4 zones, 116 book editions (59 titles), 155 zone lines, 364,969 Student books, 15,456 Teacher guides, 9,379 cartons. Keep = good as is; Change = information is there but needs a different form; Add = needed in the full data, not in the mockup.
A4: # | B4: Topic | C4: What we see in the mockup | D4: Status | E4: What we need in the full data | F4: Where
A5: 1 | B5: Book identity | C5: Every row has QR Code number, Grade, Subject and Type (Student book / Teacher guide). | D5: Keep | E5: Same information, one row per edition. | F5: 1_Books
A6: 2 | B6: Book QR code text | C6: Column "QR Code Description" (e.g. "Benshangul Gumuz Grade 1 MT(Benishangul) Student book") looks like the text inside the book QR. | D6: Change | E6: Confirm this is EXACTLY what the QR contains. If the QR contains the code number (25101-001-2-0001) instead, put that in "QR Code Text". | F6: 1_Books, column D
A7: 3 | B7: Book QR code number | C7: Codes look like 25101-001-2-0001: one per book type for the region, the same on every copy. We read the 3rd part as 2 = Student book, 1 = Teacher guide. | D7: Keep | E7: Keep one QR per book type per region. Explain each part of the number (which part is the region?), and make sure the same book type gets a different QR in every region. | F7: 1_Books, column C
A8: 4 | B8: Totals and cartons | C8: Zone quantities add up to QTY for all 59 titles, and the carton counts follow the 40-per-carton rule. Exception: Level 2 Integrated Pre-Primary has no carton formulas (17 cartons missing). | D8: Keep | E8: Same rules. 2_Zone_Allocation calculates the cartons for you. | F8: 2_Zone_Allocation
A9: 5 | B9: Student-only cartons | C9: 11 zone lines have fewer Teacher guides than full cartons, giving 521 cartons of 40 Student books without a Teacher guide. | D9: Keep | E9: Allowed. List them as "Student only (40 ST)" and label them with their real contents. | F9: 3_Package_List
A10: 6 | B10: Region | C10: The region is only in the sheet name ("1 B.Gumuz古马兹洲") and in the description text. | D10: Change | E10: Region name and code on every row. Sheet names are not read. | F10: All sheets
A11: 7 | B11: Zones | C11: Zones are merged column headers with extra spaces and full-width brackets, e.g. " Assosa （0101）", "Maokomo Special wereda （0104）". | D11: Change | E11: Zone Name and Zone Code in their own columns, using the official zone list. | F11: 2_Zone_Allocation
A12: 8 | B12: Layout | C12: Zones side by side (8 columns per zone), merged headers, formulas in data cells. A region with more zones needs a different sheet. | D12: Change | E12: One row per Region + Zone + Title, same columns for every region, no merged cells. | F12: 2_Zone_Allocation
A13: 9 | B13: Teacher guide quantities | C13: Teacher guides per zone are typed on the Student book row; Teacher guide rows hold only the total. | D13: Change | E13: Student books and Teacher guides on the same zone row, with both Book QR Code Nos. | F13: 2_Zone_Allocation
A14: 10 | B14: Pre-primary titles | C14: Level 1 and Level 2 Integrated Pre-Primary have no Teacher guide row. | D14: Change | E14: Confirm there is no Teacher guide; set "Has Teacher Guide" = No. | F14: 1_Books
A15: 11 | B15: Carton list | C15: Not in the mockup: no list of which books are in which carton. | D15: Add | E15: One row per carton with its zone, QR text and exact contents. | F15: 3_Package_List
A16: 12 | B16: Carton label QR | C16: Not in the mockup. One QR per zone, the same on every carton of that zone for all book types. | D16: Add | E16: Give the QR code number and exact QR text for each zone (different for every zone). The label also prints title, quantities and "n of N" in plain text. | F16: 3_Package_List, column B
... A18: 14 | B18: QR code images | C18: Column "QR Code Photo" is empty; the file contains no images. | D18: Change | E18: Send the QR images as PNG files in a ZIP, not inside Excel: Books/<Region>/<Book QR Code No.>.png and Package/<Region>/<Zone>/<Package QR Code No.>.png. | F18: Read Me, section 7

Sheet Field Guide
A1: Field Guide
A2: Every column in sheets 1-3: whether it is required and what the Track & Trace system uses it for.
A4: Sheet | B4: Column | C4: Required | D4: What it is used for
A5: 1_Books | B5: Region | C5: Required | D5: Groups books and cartons by region; regional offices see only their region. Also the first folder level of the QR images.
A6: 1_Books | B6: Region Code | C6: Required | D6: Links your data to the official region list.
A7: 1_Books | B7: Book QR Code No. | C7: Required | D7: Unique key of each book edition; links the sheets and names the book QR image file.
A8: 1_Books | B8: QR Code Text | C8: Required | D8: When a book is scanned, the system reads its region and book type from this exact text (copies of one book type are not told apart).
A9: 1_Books | B9: Grade | C9: Required | D9: Book register; reports by grade.
A10: 1_Books | B10: Subject | C10: Required | D10: Book register; reports by subject and language.
A11: 1_Books | B11: Language | C11: Optional | D11: Reports by language of instruction.
A12: 1_Books | B12: Edition | C12: Required | D12: Student books and Teacher guides are counted separately in stock and deliveries.
A13: 1_Books | B13: Paired Student Book Code | C13: Required | D13: Links each Teacher guide to its Student book (one title).
A14: 1_Books | B14: Has Teacher Guide | C14: Required | D14: Tells the system whether to expect Teacher guides for the title.
A15: 1_Books | B15: Books per Carton | C15: Required | D15: Converts book quantities to carton counts.
... A45: 3_Package_List | B45: Gross Weight (kg) | C45: Optional | D45: Spotting opened or short cartons.

Sheet 1_Books
A1: Region | B1: Region Code | C1: Book QR Code No. | D1: QR Code Text | E1: Grade | F1: Subject | G1: Language | H1: Edition | I1: Paired Student Book Code | J1: Has Teacher Guide | K1: Books per Carton | L1: Title | M1: ISBN | N1: Print Year / Edition | O1: Total Printed Copies | P1: Copies in Zone Allocation | Q1: Check | R1: QR Image File
A2: Benishangul Gumuz | B2: 01 | C2: 25101-046-2-0091 | D2: Benshangul Gumuz Grade 1 English Student book | E2: 1 | F2: English | H2: Student book | J2: Yes | K2: 40 | L2: English Grade 1 Student Book | N2: 2026 | O2: 150 | P2: =IF(C2="","",IF(H2="Teacher guide",SUMIFS('2_Zone_Allocation'!$I$2:$I$3001,'2_Zone_Allocation'!$E$2:$E$3001,C2),SUMIFS('2_Zone_Allocation'!$H$2:$H$3001,'2_Zone_Allocation'!$D$2:$D$3001,C2))) | Q2: =IF(C2="","",IF(O2=P2,"OK","Mismatch")) | R2: =IF(C2="","","Books/"&A2&"/"&C2&".png")
A3: Benishangul Gumuz | B3: 01 | C3: 25101-046-1-0092 | D3: Benshangul Gumuz Grade 1 English Teacher guide | E3: 1 | F3: English | H3: Teacher guide | I3: 25101-046-2-0091 | L3: English Grade 1 Teacher Guide | N3: 2026 | O3: 8 | P3: =IF(C3="","",IF(H3="Teacher guide",SUMIFS('2_Zone_Allocation'!$I$2:$I$3001,'2_Zone_Allocation'!$E$2:$E$3001,C3),SUMIFS('2_Zone_Allocation'!$H$2:$H$3001,'2_Zone_Allocation'!$D$2:$D$3001,C3))) | Q3: =IF(C3="","",IF(O3=P3,"OK","Mismatch")) | R3: =IF(C3="","","Books/"&A3&"/"&C3&".png")
A4: Benishangul Gumuz | B4: 01 | C4: 25101-059-2-0116 | D4: Benshangul Gumuz Level 2 Integrated Pre-Primary Student book | E4: Level 2 | F4: Integrated Pre-Primary | H4: Student book | J4: No | K4: 40 | L4: Integrated Pre-Primary Level 2 | N4: 2026 | O4: 200 | P4: =IF(C4="","",IF(H4="Teacher guide",SUMIFS('2_Zone_Allocation'!$I$2:$I$3001,'2_Zone_Allocation'!$E$2:$E$3001,C4),SUMIFS('2_Zone_Allocation'!$H$2:$H$3001,'2_Zone_Allocation'!$D$2:$D$3001,C4))) | Q4: =IF(C4="","",IF(O4=P4,"OK","Mismatch")) | R4: =IF(C4="","","Books/"&A4&"/"&C4&".png")
P5: =IF(C5="","",IF(H5="Teacher guide",SUMIFS('2_Zone_Allocation'!$I$2:$I$3001,'2_Zone_Allocation'!$E$2:$E$3001,C5),SUMIFS('2_Zone_Allocation'!$H$2:$H$3001,'2_Zone_Allocation'!$D$2:$D$3001,C5))) | Q5: =IF(C5="","",IF(O5=P5,"OK","Mismatch")) | R5: =IF(C5="","","Books/"&A5&"/"&C5&".png")
P6: =IF(C6="","",IF(H6="Teacher guide",SUMIFS('2_Zone_Allocation'!$I$2:$I$3001,'2_Zone_Allocation'!$E$2:$E$3001,C6),SUMIFS('2_Zone_Allocation'!$H$2:$H$3001,'2_Zone_Allocation'!$D$2:$D$3001,C6))) | Q6: =IF(C6="","",IF(O6=P6,"OK","Mismatch")) | R6: =IF(C6="","","Books/"&A6&"/"&C6&".png")
P7: =IF(C7="","",IF(H7="Teacher guide",SUMIFS('2_Zone_Allocation'!$I$2:$I$3001,'2_Zone_Allocation'!$E$2:$E$3001,C7),SUMIFS('2_Zone_Allocation'!$H$2:$H$3001,'2_Zone_Allocation'!$D$2:$D$3001,C7))) | Q7: =IF(C7="","",IF(O7=P7,"OK","Mismatch")) | R7: =IF(C7="","","Books/"&A7&"/"&C7&".png")
P8: =IF(C8="","",IF(H8="Teacher guide",SUMIFS('2_Zone_Allocation'!$I$2:$I$3001,'2_Zone_Allocation'!$E$2:$E$3001,C8),SUMIFS('2_Zone_Allocation'!$H$2:$H$3001,'2_Zone_Allocation'!$D$2:$D$3001,C8))) | Q8: =IF(C8="","",IF(O8=P8,"OK","Mismatch")) | R8: =IF(C8="","","Books/"&A8&"/"&C8&".png")
P9: =IF(C9="","",IF(H9="Teacher guide",SUMIFS('2_Zone_Allocation'!$I$2:$I$3001,'2_Zone_Allocation'!$E$2:$E$3001,C9),SUMIFS('2_Zone_Allocation'!$H$2:$H$3001,'2_Zone_Allocation'!$D$2:$D$3001,C9))) | Q9: =IF(C9="","",IF(O9=P9,"OK","Mismatch")) | R9: =IF(C9="","","Books/"&A9&"/"&C9&".png")
P10: =IF(C10="","",IF(H10="Teacher guide",SUMIFS('2_Zone_Allocation'!$I$2:$I$3001,'2_Zone_Allocation'!$E$2:$E$3001,C10),SUMIFS('2_Zone_Allocation'!$H$2:$H$3001,'2_Zone_Allocation'!$D$2:$D$3001,C10))) | Q10: =IF(C10="","",IF(O10=P10,"OK","Mismatch")) | R10: =IF(C10="","","Books/"&A10&"/"&C10&".png")
P11: =IF(C11="","",IF(H11="Teacher guide",SUMIFS('2_Zone_Allocation'!$I$2:$I$3001,'2_Zone_Allocation'!$E$2:$E$3001,C11),SUMIFS('2_Zone_Allocation'!$H$2:$H$3001,'2_Zone_Allocation'!$D$2:$D$3001,C11))) | Q11: =IF(C11="","",IF(O11=P11,"OK","Mismatch")) | R11: =IF(C11="","","Books/"&A11&"/"&C11&".png")
P12: =IF(C12="","",IF(H12="Teacher guide",SUMIFS('2_Zone_Allocation'!$I$2:$I$3001,'2_Zone_Allocation'!$E$2:$E$3001,C12),SUMIFS('2_Zone_Allocation'!$H$2:$H$3001,'2_Zone_Allocation'!$D$2:$D$3001,C12))) | Q12: =IF(C12="","",IF(O12=P12,"OK","Mismatch")) | R12: =IF(C12="","","Books/"&A12&"/"&C12&".png")
P13: =IF(C13="","",IF(H13="Teacher guide",SUMIFS('2_Zone_Allocation'!$I$2:$I$3001,'2_Zone_Allocation'!$E$2:$E$3001,C13),SUMIFS('2_Zone_Allocation'!$H$2:$H$3001,'2_Zone_Allocation'!$D$2:$D$3001,C13))) | Q13: =IF(C13="","",IF(O13=P13,"OK","Mismatch")) | R13: =IF(C13="","","Books/"&A13&"/"&C13&".png")
P14: =IF(C14="","",IF(H14="Teacher guide",SUMIFS('2_Zone_Allocation'!$I$2:$I$3001,'2_Zone_Allocation'!$E$2:$E$3001,C14),SUMIFS('2_Zone_Allocation'!$H$2:$H$3001,'2_Zone_Allocation'!$D$2:$D$3001,C14))) | Q14: =IF(C14="","",IF(O14=P14,"OK","Mismatch")) | R14: =IF(C14="","","Books/"&A14&"/"&C14&".png")
P15: =IF(C15="","",IF(H15="Teacher guide",SUMIFS('2_Zone_Allocation'!$I$2:$I$3001,'2_Zone_Allocation'!$E$2:$E$3001,C15),SUMIFS('2_Zone_Allocation'!$H$2:$H$3001,'2_Zone_Allocation'!$D$2:$D$3001,C15))) | Q15: =IF(C15="","",IF(O15=P15,"OK","Mismatch")) | R15: =IF(C15="","","Books/"&A15&"/"&C15&".png")
P16: =IF(C16="","",IF(H16="Teacher guide",SUMIFS('2_Zone_Allocation'!$I$2:$I$3001,'2_Zone_Allocation'!$E$2:$E$3001,C16),SUMIFS('2_Zone_Allocation'!$H$2:$H$3001,'2_Zone_Allocation'!$D$2:$D$3001,C16))) | Q16: =IF(C16="","",IF(O16=P16,"OK","Mismatch")) | R16: =IF(C16="","","Books/"&A16&"/"&C16&".png")
... P1501: =IF(C1501="","",IF(H1501="Teacher guide",SUMIFS('2_Zone_Allocation'!$I$2:$I$3001,'2_Zone_Allocation'!$E$2:$E$3001,C1501),SUMIFS('2_Zone_Allocation'!$H$2:$H$3001,'2_Zone_Allocation'!$D$2:$D$3001,C1501))) | Q1501: =IF(C1501="","",IF(O1501=P1501,"OK","Mismatch")) | R1501: =IF(C1501="","","Books/"&A1501&"/"&C1501&".png")

Sheet 2_Zone_Allocation
A1: Region | B1: Zone Name | C1: Zone Code | D1: Student Book Code | E1: Teacher Guide Code | F1: Grade | G1: Subject | H1: Student Books | I1: Teacher Guides | J1: Books per Carton | K1: Delivery Point | L1: Full Cartons (40 ST + 1 TG) | M1: Student-only Cartons (40 ST) | N1: TG-only Cartons (40 TG) | O1: Leftover Student Books | P1: Leftover Teacher Guides | Q1: Partial Cartons | R1: Total Cartons | S1: ST in Package List | T1: TG in Package List | U1: Cartons in Package List | V1: Check
A2: Benishangul Gumuz | B2: Assosa | C2: 0101 | D2: 25101-046-2-0091 | E2: 25101-046-1-0092 | F2: 1 | G2: English | H2: 150 | I2: 8 | J2: 40 | K2: Assosa Zone Education Store | L2: =IF(D2="","",MIN(INT(H2/J2),I2)) | M2: =IF(D2="","",INT((H2-L2*J2)/J2)) | N2: =IF(D2="","",INT((I2-L2)/J2)) | O2: =IF(D2="","",H2-L2*J2-M2*J2) | P2: =IF(D2="","",I2-L2-N2*J2) | Q2: =IF(D2="","",IF(AND(O2>0,P2>0),IF(O2+P2<=J2,1,2),IF(O2+P2>0,1,0))) | R2: =IF(D2="","",L2+M2+N2+Q2) | S2: =IF(D2="","",SUMIFS('3_Package_List'!$H$2:$H$5001,'3_Package_List'!$E$2:$E$5001,C2,'3_Package_List'!$G$2:$G$5001,D2)) | T2: =IF(D2="","",SUMIFS('3_Package_List'!$J$2:$J$5001,'3_Package_List'!$E$2:$E$5001,C2,'3_Package_List'!$G$2:$G$5001,D2)) | U2: =IF(D2="","",COUNTIFS('3_Package_List'!$E$2:$E$5001,C2,'3_Package_List'!$G$2:$G$5001,D2)) | V2: =IF(D2="","",IF(U2=0,"Not listed yet",IF(AND(S2=H2,T2=I2,U2=R2),"OK","Mismatch")))
A3: Benishangul Gumuz | B3: Assosa | C3: 0101 | D3: 25101-059-2-0116 | F3: Level 2 | G3: Integrated Pre-Primary | H3: 200 | I3: 0 | J3: 40 | K3: Assosa Zone Education Store | L3: =IF(D3="","",MIN(INT(H3/J3),I3)) | M3: =IF(D3="","",INT((H3-L3*J3)/J3)) | N3: =IF(D3="","",INT((I3-L3)/J3)) | O3: =IF(D3="","",H3-L3*J3-M3*J3) | P3: =IF(D3="","",I3-L3-N3*J3) | Q3: =IF(D3="","",IF(AND(O3>0,P3>0),IF(O3+P3<=J3,1,2),IF(O3+P3>0,1,0))) | R3: =IF(D3="","",L3+M3+N3+Q3) | S3: =IF(D3="","",SUMIFS('3_Package_List'!$H$2:$H$5001,'3_Package_List'!$E$2:$E$5001,C3,'3_Package_List'!$G$2:$G$5001,D3)) | T3: =IF(D3="","",SUMIFS('3_Package_List'!$J$2:$J$5001,'3_Package_List'!$E$2:$E$5001,C3,'3_Package_List'!$G$2:$G$5001,D3)) | U3: =IF(D3="","",COUNTIFS('3_Package_List'!$E$2:$E$5001,C3,'3_Package_List'!$G$2:$G$5001,D3)) | V3: =IF(D3="","",IF(U3=0,"Not listed yet",IF(AND(S3=H3,T3=I3,U3=R3),"OK","Mismatch")))
L4: =IF(D4="","",MIN(INT(H4/J4),I4)) | M4: =IF(D4="","",INT((H4-L4*J4)/J4)) | N4: =IF(D4="","",INT((I4-L4)/J4)) | O4: =IF(D4="","",H4-L4*J4-M4*J4) | P4: =IF(D4="","",I4-L4-N4*J4) | Q4: =IF(D4="","",IF(AND(O4>0,P4>0),IF(O4+P4<=J4,1,2),IF(O4+P4>0,1,0))) | R4: =IF(D4="","",L4+M4+N4+Q4) | S4: =IF(D4="","",SUMIFS('3_Package_List'!$H$2:$H$5001,'3_Package_List'!$E$2:$E$5001,C4,'3_Package_List'!$G$2:$G$5001,D4)) | T4: =IF(D4="","",SUMIFS('3_Package_List'!$J$2:$J$5001,'3_Package_List'!$E$2:$E$5001,C4,'3_Package_List'!$G$2:$G$5001,D4)) | U4: =IF(D4="","",COUNTIFS('3_Package_List'!$E$2:$E$5001,C4,'3_Package_List'!$G$2:$G$5001,D4)) | V4: =IF(D4="","",IF(U4=0,"Not listed yet",IF(AND(S4=H4,T4=I4,U4=R4),"OK","Mismatch")))
L5: =IF(D5="","",MIN(INT(H5/J5),I5)) | M5: =IF(D5="","",INT((H5-L5*J5)/J5)) | N5: =IF(D5="","",INT((I5-L5)/J5)) | O5: =IF(D5="","",H5-L5*J5-M5*J5) | P5: =IF(D5="","",I5-L5-N5*J5) | Q5: =IF(D5="","",IF(AND(O5>0,P5>0),IF(O5+P5<=J5,1,2),IF(O5+P5>0,1,0))) | R5: =IF(D5="","",L5+M5+N5+Q5) | S5: =IF(D5="","",SUMIFS('3_Package_List'!$H$2:$H$5001,'3_Package_List'!$E$2:$E$5001,C5,'3_Package_List'!$G$2:$G$5001,D5)) | T5: =IF(D5="","",SUMIFS('3_Package_List'!$J$2:$J$5001,'3_Package_List'!$E$2:$E$5001,C5,'3_Package_List'!$G$2:$G$5001,D5)) | U5: =IF(D5="","",COUNTIFS('3_Package_List'!$E$2:$E$5001,C5,'3_Package_List'!$G$2:$G$5001,D5)) | V5: =IF(D5="","",IF(U5=0,"Not listed yet",IF(AND(S5=H5,T5=I5,U5=R5),"OK","Mismatch")))
L6: =IF(D6="","",MIN(INT(H6/J6),I6)) | M6: =IF(D6="","",INT((H6-L6*J6)/J6)) | N6: =IF(D6="","",INT((I6-L6)/J6)) | O6: =IF(D6="","",H6-L6*J6-M6*J6) | P6: =IF(D6="","",I6-L6-N6*J6) | Q6: =IF(D6="","",IF(AND(O6>0,P6>0),IF(O6+P6<=J6,1,2),IF(O6+P6>0,1,0))) | R6: =IF(D6="","",L6+M6+N6+Q6) | S6: =IF(D6="","",SUMIFS('3_Package_List'!$H$2:$H$5001,'3_Package_List'!$E$2:$E$5001,C6,'3_Package_List'!$G$2:$G$5001,D6)) | T6: =IF(D6="","",SUMIFS('3_Package_List'!$J$2:$J$5001,'3_Package_List'!$E$2:$E$5001,C6,'3_Package_List'!$G$2:$G$5001,D6)) | U6: =IF(D6="","",COUNTIFS('3_Package_List'!$E$2:$E$5001,C6,'3_Package_List'!$G$2:$G$5001,D6)) | V6: =IF(D6="","",IF(U6=0,"Not listed yet",IF(AND(S6=H6,T6=I6,U6=R6),"OK","Mismatch")))
L7: =IF(D7="","",MIN(INT(H7/J7),I7)) | M7: =IF(D7="","",INT((H7-L7*J7)/J7)) | N7: =IF(D7="","",INT((I7-L7)/J7)) | O7: =IF(D7="","",H7-L7*J7-M7*J7) | P7: =IF(D7="","",I7-L7-N7*J7) | Q7: =IF(D7="","",IF(AND(O7>0,P7>0),IF(O7+P7<=J7,1,2),IF(O7+P7>0,1,0))) | R7: =IF(D7="","",L7+M7+N7+Q7) | S7: =IF(D7="","",SUMIFS('3_Package_List'!$H$2:$H$5001,'3_Package_List'!$E$2:$E$5001,C7,'3_Package_List'!$G$2:$G$5001,D7)) | T7: =IF(D7="","",SUMIFS('3_Package_List'!$J$2:$J$5001,'3_Package_List'!$E$2:$E$5001,C7,'3_Package_List'!$G$2:$G$5001,D7)) | U7: =IF(D7="","",COUNTIFS('3_Package_List'!$E$2:$E$5001,C7,'3_Package_List'!$G$2:$G$5001,D7)) | V7: =IF(D7="","",IF(U7=0,"Not listed yet",IF(AND(S7=H7,T7=I7,U7=R7),"OK","Mismatch")))
L8: =IF(D8="","",MIN(INT(H8/J8),I8)) | M8: =IF(D8="","",INT((H8-L8*J8)/J8)) | N8: =IF(D8="","",INT((I8-L8)/J8)) | O8: =IF(D8="","",H8-L8*J8-M8*J8) | P8: =IF(D8="","",I8-L8-N8*J8) | Q8: =IF(D8="","",IF(AND(O8>0,P8>0),IF(O8+P8<=J8,1,2),IF(O8+P8>0,1,0))) | R8: =IF(D8="","",L8+M8+N8+Q8) | S8: =IF(D8="","",SUMIFS('3_Package_List'!$H$2:$H$5001,'3_Package_List'!$E$2:$E$5001,C8,'3_Package_List'!$G$2:$G$5001,D8)) | T8: =IF(D8="","",SUMIFS('3_Package_List'!$J$2:$J$5001,'3_Package_List'!$E$2:$E$5001,C8,'3_Package_List'!$G$2:$G$5001,D8)) | U8: =IF(D8="","",COUNTIFS('3_Package_List'!$E$2:$E$5001,C8,'3_Package_List'!$G$2:$G$5001,D8)) | V8: =IF(D8="","",IF(U8=0,"Not listed yet",IF(AND(S8=H8,T8=I8,U8=R8),"OK","Mismatch")))
L9: =IF(D9="","",MIN(INT(H9/J9),I9)) | M9: =IF(D9="","",INT((H9-L9*J9)/J9)) | N9: =IF(D9="","",INT((I9-L9)/J9)) | O9: =IF(D9="","",H9-L9*J9-M9*J9) | P9: =IF(D9="","",I9-L9-N9*J9) | Q9: =IF(D9="","",IF(AND(O9>0,P9>0),IF(O9+P9<=J9,1,2),IF(O9+P9>0,1,0))) | R9: =IF(D9="","",L9+M9+N9+Q9) | S9: =IF(D9="","",SUMIFS('3_Package_List'!$H$2:$H$5001,'3_Package_List'!$E$2:$E$5001,C9,'3_Package_List'!$G$2:$G$5001,D9)) | T9: =IF(D9="","",SUMIFS('3_Package_List'!$J$2:$J$5001,'3_Package_List'!$E$2:$E$5001,C9,'3_Package_List'!$G$2:$G$5001,D9)) | U9: =IF(D9="","",COUNTIFS('3_Package_List'!$E$2:$E$5001,C9,'3_Package_List'!$G$2:$G$5001,D9)) | V9: =IF(D9="","",IF(U9=0,"Not listed yet",IF(AND(S9=H9,T9=I9,U9=R9),"OK","Mismatch")))
L10: =IF(D10="","",MIN(INT(H10/J10),I10)) | M10: =IF(D10="","",INT((H10-L10*J10)/J10)) | N10: =IF(D10="","",INT((I10-L10)/J10)) | O10: =IF(D10="","",H10-L10*J10-M10*J10) | P10: =IF(D10="","",I10-L10-N10*J10) | Q10: =IF(D10="","",IF(AND(O10>0,P10>0),IF(O10+P10<=J10,1,2),IF(O10+P10>0,1,0))) | R10: =IF(D10="","",L10+M10+N10+Q10) | S10: =IF(D10="","",SUMIFS('3_Package_List'!$H$2:$H$5001,'3_Package_List'!$E$2:$E$5001,C10,'3_Package_List'!$G$2:$G$5001,D10)) | T10: =IF(D10="","",SUMIFS('3_Package_List'!$J$2:$J$5001,'3_Package_List'!$E$2:$E$5001,C10,'3_Package_List'!$G$2:$G$5001,D10)) | U10: =IF(D10="","",COUNTIFS('3_Package_List'!$E$2:$E$5001,C10,'3_Package_List'!$G$2:$G$5001,D10)) | V10: =IF(D10="","",IF(U10=0,"Not listed yet",IF(AND(S10=H10,T10=I10,U10=R10),"OK","Mismatch")))
L11: =IF(D11="","",MIN(INT(H11/J11),I11)) | M11: =IF(D11="","",INT((H11-L11*J11)/J11)) | N11: =IF(D11="","",INT((I11-L11)/J11)) | O11: =IF(D11="","",H11-L11*J11-M11*J11) | P11: =IF(D11="","",I11-L11-N11*J11) | Q11: =IF(D11="","",IF(AND(O11>0,P11>0),IF(O11+P11<=J11,1,2),IF(O11+P11>0,1,0))) | R11: =IF(D11="","",L11+M11+N11+Q11) | S11: =IF(D11="","",SUMIFS('3_Package_List'!$H$2:$H$5001,'3_Package_List'!$E$2:$E$5001,C11,'3_Package_List'!$G$2:$G$5001,D11)) | T11: =IF(D11="","",SUMIFS('3_Package_List'!$J$2:$J$5001,'3_Package_List'!$E$2:$E$5001,C11,'3_Package_List'!$G$2:$G$5001,D11)) | U11: =IF(D11="","",COUNTIFS('3_Package_List'!$E$2:$E$5001,C11,'3_Package_List'!$G$2:$G$5001,D11)) | V11: =IF(D11="","",IF(U11=0,"Not listed yet",IF(AND(S11=H11,T11=I11,U11=R11),"OK","Mismatch")))
L12: =IF(D12="","",MIN(INT(H12/J12),I12)) | M12: =IF(D12="","",INT((H12-L12*J12)/J12)) | N12: =IF(D12="","",INT((I12-L12)/J12)) | O12: =IF(D12="","",H12-L12*J12-M12*J12) | P12: =IF(D12="","",I12-L12-N12*J12) | Q12: =IF(D12="","",IF(AND(O12>0,P12>0),IF(O12+P12<=J12,1,2),IF(O12+P12>0,1,0))) | R12: =IF(D12="","",L12+M12+N12+Q12) | S12: =IF(D12="","",SUMIFS('3_Package_List'!$H$2:$H$5001,'3_Package_List'!$E$2:$E$5001,C12,'3_Package_List'!$G$2:$G$5001,D12)) | T12: =IF(D12="","",SUMIFS('3_Package_List'!$J$2:$J$5001,'3_Package_List'!$E$2:$E$5001,C12,'3_Package_List'!$G$2:$G$5001,D12)) | U12: =IF(D12="","",COUNTIFS('3_Package_List'!$E$2:$E$5001,C12,'3_Package_List'!$G$2:$G$5001,D12)) | V12: =IF(D12="","",IF(U12=0,"Not listed yet",IF(AND(S12=H12,T12=I12,U12=R12),"OK","Mismatch")))
L13: =IF(D13="","",MIN(INT(H13/J13),I13)) | M13: =IF(D13="","",INT((H13-L13*J13)/J13)) | N13: =IF(D13="","",INT((I13-L13)/J13)) | O13: =IF(D13="","",H13-L13*J13-M13*J13) | P13: =IF(D13="","",I13-L13-N13*J13) | Q13: =IF(D13="","",IF(AND(O13>0,P13>0),IF(O13+P13<=J13,1,2),IF(O13+P13>0,1,0))) | R13: =IF(D13="","",L13+M13+N13+Q13) | S13: =IF(D13="","",SUMIFS('3_Package_List'!$H$2:$H$5001,'3_Package_List'!$E$2:$E$5001,C13,'3_Package_List'!$G$2:$G$5001,D13)) | T13: =IF(D13="","",SUMIFS('3_Package_List'!$J$2:$J$5001,'3_Package_List'!$E$2:$E$5001,C13,'3_Package_List'!$G$2:$G$5001,D13)) | U13: =IF(D13="","",COUNTIFS('3_Package_List'!$E$2:$E$5001,C13,'3_Package_List'!$G$2:$G$5001,D13)) | V13: =IF(D13="","",IF(U13=0,"Not listed yet",IF(AND(S13=H13,T13=I13,U13=R13),"OK","Mismatch")))
L14: =IF(D14="","",MIN(INT(H14/J14),I14)) | M14: =IF(D14="","",INT((H14-L14*J14)/J14)) | N14: =IF(D14="","",INT((I14-L14)/J14)) | O14: =IF(D14="","",H14-L14*J14-M14*J14) | P14: =IF(D14="","",I14-L14-N14*J14) | Q14: =IF(D14="","",IF(AND(O14>0,P14>0),IF(O14+P14<=J14,1,2),IF(O14+P14>0,1,0))) | R14: =IF(D14="","",L14+M14+N14+Q14) | S14: =IF(D14="","",SUMIFS('3_Package_List'!$H$2:$H$5001,'3_Package_List'!$E$2:$E$5001,C14,'3_Package_List'!$G$2:$G$5001,D14)) | T14: =IF(D14="","",SUMIFS('3_Package_List'!$J$2:$J$5001,'3_Package_List'!$E$2:$E$5001,C14,'3_Package_List'!$G$2:$G$5001,D14)) | U14: =IF(D14="","",COUNTIFS('3_Package_List'!$E$2:$E$5001,C14,'3_Package_List'!$G$2:$G$5001,D14)) | V14: =IF(D14="","",IF(U14=0,"Not listed yet",IF(AND(S14=H14,T14=I14,U14=R14),"OK","Mismatch")))
L15: =IF(D15="","",MIN(INT(H15/J15),I15)) | M15: =IF(D15="","",INT((H15-L15*J15)/J15)) | N15: =IF(D15="","",INT((I15-L15)/J15)) | O15: =IF(D15="","",H15-L15*J15-M15*J15) | P15: =IF(D15="","",I15-L15-N15*J15) | Q15: =IF(D15="","",IF(AND(O15>0,P15>0),IF(O15+P15<=J15,1,2),IF(O15+P15>0,1,0))) | R15: =IF(D15="","",L15+M15+N15+Q15) | S15: =IF(D15="","",SUMIFS('3_Package_List'!$H$2:$H$5001,'3_Package_List'!$E$2:$E$5001,C15,'3_Package_List'!$G$2:$G$5001,D15)) | T15: =IF(D15="","",SUMIFS('3_Package_List'!$J$2:$J$5001,'3_Package_List'!$E$2:$E$5001,C15,'3_Package_List'!$G$2:$G$5001,D15)) | U15: =IF(D15="","",COUNTIFS('3_Package_List'!$E$2:$E$5001,C15,'3_Package_List'!$G$2:$G$5001,D15)) | V15: =IF(D15="","",IF(U15=0,"Not listed yet",IF(AND(S15=H15,T15=I15,U15=R15),"OK","Mismatch")))
... L3001: =IF(D3001="","",MIN(INT(H3001/J3001),I3001)) | M3001: =IF(D3001="","",INT((H3001-L3001*J3001)/J3001)) | N3001: =IF(D3001="","",INT((I3001-L3001)/J3001)) | O3001: =IF(D3001="","",H3001-L3001*J3001-M3001*J3001) | P3001: =IF(D3001="","",I3001-L3001-N3001*J3001) | Q3001: =IF(D3001="","",IF(AND(O3001>0,P3001>0),IF(O3001+P3001<=J3001,1,2),IF(O3001+P3001>0,1,0))) | R3001: =IF(D3001="","",L3001+M3001+N3001+Q3001) | S3001: =IF(D3001="","",SUMIFS('3_Package_List'!$H$2:$H$5001,'3_Package_List'!$E$2:$E$5001,C3001,'3_Package_List'!$G$2:$G$5001,D3001)) | T3001: =IF(D3001="","",SUMIFS('3_Package_List'!$J$2:$J$5001,'3_Package_List'!$E$2:$E$5001,C3001,'3_Package_List'!$G$2:$G$5001,D3001)) | U3001: =IF(D3001="","",COUNTIFS('3_Package_List'!$E$2:$E$5001,C3001,'3_Package_List'!$G$2:$G$5001,D3001)) | V3001: =IF(D3001="","",IF(U3001=0,"Not listed yet",IF(AND(S3001=H3001,T3001=I3001,U3001=R3001),"OK","Mismatch")))

Sheet 3_Package_List
A1: Package QR Code No. | B1: Package QR Text | C1: Region | D1: Zone Name | E1: Zone Code | F1: Carton Type | G1: Student Book Code | H1: Student Books in Carton | I1: Teacher Guide Code | J1: Teacher Guides in Carton | K1: Carton No. | L1: Cartons for Title in Zone | M1: Carton Label No. | N1: Packed Date | O1: Gross Weight (kg) | P1: QR Image File | Q1: Rule Check
A2: BG-Z-0101 | B2: Assosa | C2: Benishangul Gumuz | D2: Assosa | E2: 0101 | F2: Full (40 ST + 1 TG) | G2: 25101-046-2-0091 | H2: 40 | I2: 25101-046-1-0092 | J2: 1 | K2: 1 | L2: 4 | M2: 0101-000001 | N2: 2026-11-02 | P2: =IF(A2="","","Package/"&C2&"/"&D2&"/"&A2&".png") | Q2: =IF(AND(B2="",G2=""),"",IF(B2="","Package QR Text missing",IF(COUNTIFS($E$2:$E$5001,E2,$B$2:$B$5001,"<>"&B2)+COUNTIFS($E$2:$E$5001,E2,$A$2:$A$5001,"<>"&A2)>0,"Zone has more than one QR code",IF(COUNTIFS($B$2:$B$5001,B2,$E$2:$E$5001,"<>"&E2)+COUNTIFS($A$2:$A$5001,A2,$E$2:$E$5001,"<>"&E2)>0,"QR code used by another zone",IF(A2="","Package QR Code No. missing",IF(OR(H2>40,J2>40),"More than 40 of one edition",IF(F2="Full (40 ST + 1 TG)",IF(AND(H2=40,J2=1),"OK","Full carton must be 40 + 1"),IF(F2="Student only (40 ST)",IF(AND(H2=40,J2=0),"OK","Must be 40 ST, 0 TG"),IF(F2="Teacher guide only (40 TG)",IF(AND(H2=0,J2=40),"OK","Must be 0 ST, 40 TG"),IF(AND(H2<40,H2+J2>0,H2+J2<=40),"OK","Partial: under 40 ST and 40 books max"))))))))))
A3: BG-Z-0101 | B3: Assosa | C3: Benishangul Gumuz | D3: Assosa | E3: 0101 | F3: Full (40 ST + 1 TG) | G3: 25101-046-2-0091 | H3: 40 | I3: 25101-046-1-0092 | J3: 1 | K3: 2 | L3: 4 | M3: 0101-000002 | N3: 2026-11-02 | P3: =IF(A3="","","Package/"&C3&"/"&D3&"/"&A3&".png") | Q3: =IF(AND(B3="",G3=""),"",IF(B3="","Package QR Text missing",IF(COUNTIFS($E$2:$E$5001,E3,$B$2:$B$5001,"<>"&B3)+COUNTIFS($E$2:$E$5001,E3,$A$2:$A$5001,"<>"&A3)>0,"Zone has more than one QR code",IF(COUNTIFS($B$2:$B$5001,B3,$E$2:$E$5001,"<>"&E3)+COUNTIFS($A$2:$A$5001,A3,$E$2:$E$5001,"<>"&E3)>0,"QR code used by another zone",IF(A3="","Package QR Code No. missing",IF(OR(H3>40,J3>40),"More than 40 of one edition",IF(F3="Full (40 ST + 1 TG)",IF(AND(H3=40,J3=1),"OK","Full carton must be 40 + 1"),IF(F3="Student only (40 ST)",IF(AND(H3=40,J3=0),"OK","Must be 40 ST, 0 TG"),IF(F3="Teacher guide only (40 TG)",IF(AND(H3=0,J3=40),"OK","Must be 0 ST, 40 TG"),IF(AND(H3<40,H3+J3>0,H3+J3<=40),"OK","Partial: under 40 ST and 40 books max"))))))))))
A4: BG-Z-0101 | B4: Assosa | C4: Benishangul Gumuz | D4: Assosa | E4: 0101 | F4: Full (40 ST + 1 TG) | G4: 25101-046-2-0091 | H4: 40 | I4: 25101-046-1-0092 | J4: 1 | K4: 3 | L4: 4 | M4: 0101-000003 | N4: 2026-11-02 | P4: =IF(A4="","","Package/"&C4&"/"&D4&"/"&A4&".png") | Q4: =IF(AND(B4="",G4=""),"",IF(B4="","Package QR Text missing",IF(COUNTIFS($E$2:$E$5001,E4,$B$2:$B$5001,"<>"&B4)+COUNTIFS($E$2:$E$5001,E4,$A$2:$A$5001,"<>"&A4)>0,"Zone has more than one QR code",IF(COUNTIFS($B$2:$B$5001,B4,$E$2:$E$5001,"<>"&E4)+COUNTIFS($A$2:$A$5001,A4,$E$2:$E$5001,"<>"&E4)>0,"QR code used by another zone",IF(A4="","Package QR Code No. missing",IF(OR(H4>40,J4>40),"More than 40 of one edition",IF(F4="Full (40 ST + 1 TG)",IF(AND(H4=40,J4=1),"OK","Full carton must be 40 + 1"),IF(F4="Student only (40 ST)",IF(AND(H4=40,J4=0),"OK","Must be 40 ST, 0 TG"),IF(F4="Teacher guide only (40 TG)",IF(AND(H4=0,J4=40),"OK","Must be 0 ST, 40 TG"),IF(AND(H4<40,H4+J4>0,H4+J4<=40),"OK","Partial: under 40 ST and 40 books max"))))))))))
A5: BG-Z-0101 | B5: Assosa | C5: Benishangul Gumuz | D5: Assosa | E5: 0101 | F5: Partial | G5: 25101-046-2-0091 | H5: 30 | I5: 25101-046-1-0092 | J5: 5 | K5: 4 | L5: 4 | M5: 0101-000004 | N5: 2026-11-02 | P5: =IF(A5="","","Package/"&C5&"/"&D5&"/"&A5&".png") | Q5: =IF(AND(B5="",G5=""),"",IF(B5="","Package QR Text missing",IF(COUNTIFS($E$2:$E$5001,E5,$B$2:$B$5001,"<>"&B5)+COUNTIFS($E$2:$E$5001,E5,$A$2:$A$5001,"<>"&A5)>0,"Zone has more than one QR code",IF(COUNTIFS($B$2:$B$5001,B5,$E$2:$E$5001,"<>"&E5)+COUNTIFS($A$2:$A$5001,A5,$E$2:$E$5001,"<>"&E5)>0,"QR code used by another zone",IF(A5="","Package QR Code No. missing",IF(OR(H5>40,J5>40),"More than 40 of one edition",IF(F5="Full (40 ST + 1 TG)",IF(AND(H5=40,J5=1),"OK","Full carton must be 40 + 1"),IF(F5="Student only (40 ST)",IF(AND(H5=40,J5=0),"OK","Must be 40 ST, 0 TG"),IF(F5="Teacher guide only (40 TG)",IF(AND(H5=0,J5=40),"OK","Must be 0 ST, 40 TG"),IF(AND(H5<40,H5+J5>0,H5+J5<=40),"OK","Partial: under 40 ST and 40 books max"))))))))))
A6: BG-Z-0101 | B6: Assosa | C6: Benishangul Gumuz | D6: Assosa | E6: 0101 | F6: Student only (40 ST) | G6: 25101-059-2-0116 | H6: 40 | J6: 0 | K6: 1 | L6: 5 | M6: 0101-000005 | N6: 2026-11-02 | P6: =IF(A6="","","Package/"&C6&"/"&D6&"/"&A6&".png") | Q6: =IF(AND(B6="",G6=""),"",IF(B6="","Package QR Text missing",IF(COUNTIFS($E$2:$E$5001,E6,$B$2:$B$5001,"<>"&B6)+COUNTIFS($E$2:$E$5001,E6,$A$2:$A$5001,"<>"&A6)>0,"Zone has more than one QR code",IF(COUNTIFS($B$2:$B$5001,B6,$E$2:$E$5001,"<>"&E6)+COUNTIFS($A$2:$A$5001,A6,$E$2:$E$5001,"<>"&E6)>0,"QR code used by another zone",IF(A6="","Package QR Code No. missing",IF(OR(H6>40,J6>40),"More than 40 of one edition",IF(F6="Full (40 ST + 1 TG)",IF(AND(H6=40,J6=1),"OK","Full carton must be 40 + 1"),IF(F6="Student only (40 ST)",IF(AND(H6=40,J6=0),"OK","Must be 40 ST, 0 TG"),IF(F6="Teacher guide only (40 TG)",IF(AND(H6=0,J6=40),"OK","Must be 0 ST, 40 TG"),IF(AND(H6<40,H6+J6>0,H6+J6<=40),"OK","Partial: under 40 ST and 40 books max"))))))))))
A7: BG-Z-0101 | B7: Assosa | C7: Benishangul Gumuz | D7: Assosa | E7: 0101 | F7: Student only (40 ST) | G7: 25101-059-2-0116 | H7: 40 | J7: 0 | K7: 2 | L7: 5 | M7: 0101-000006 | N7: 2026-11-02 | P7: =IF(A7="","","Package/"&C7&"/"&D7&"/"&A7&".png") | Q7: =IF(AND(B7="",G7=""),"",IF(B7="","Package QR Text missing",IF(COUNTIFS($E$2:$E$5001,E7,$B$2:$B$5001,"<>"&B7)+COUNTIFS($E$2:$E$5001,E7,$A$2:$A$5001,"<>"&A7)>0,"Zone has more than one QR code",IF(COUNTIFS($B$2:$B$5001,B7,$E$2:$E$5001,"<>"&E7)+COUNTIFS($A$2:$A$5001,A7,$E$2:$E$5001,"<>"&E7)>0,"QR code used by another zone",IF(A7="","Package QR Code No. missing",IF(OR(H7>40,J7>40),"More than 40 of one edition",IF(F7="Full (40 ST + 1 TG)",IF(AND(H7=40,J7=1),"OK","Full carton must be 40 + 1"),IF(F7="Student only (40 ST)",IF(AND(H7=40,J7=0),"OK","Must be 40 ST, 0 TG"),IF(F7="Teacher guide only (40 TG)",IF(AND(H7=0,J7=40),"OK","Must be 0 ST, 40 TG"),IF(AND(H7<40,H7+J7>0,H7+J7<=40),"OK","Partial: under 40 ST and 40 books max"))))))))))
A8: BG-Z-0101 | B8: Assosa | C8: Benishangul Gumuz | D8: Assosa | E8: 0101 | F8: Student only (40 ST) | G8: 25101-059-2-0116 | H8: 40 | J8: 0 | K8: 3 | L8: 5 | M8: 0101-000007 | N8: 2026-11-02 | P8: =IF(A8="","","Package/"&C8&"/"&D8&"/"&A8&".png") | Q8: =IF(AND(B8="",G8=""),"",IF(B8="","Package QR Text missing",IF(COUNTIFS($E$2:$E$5001,E8,$B$2:$B$5001,"<>"&B8)+COUNTIFS($E$2:$E$5001,E8,$A$2:$A$5001,"<>"&A8)>0,"Zone has more than one QR code",IF(COUNTIFS($B$2:$B$5001,B8,$E$2:$E$5001,"<>"&E8)+COUNTIFS($A$2:$A$5001,A8,$E$2:$E$5001,"<>"&E8)>0,"QR code used by another zone",IF(A8="","Package QR Code No. missing",IF(OR(H8>40,J8>40),"More than 40 of one edition",IF(F8="Full (40 ST + 1 TG)",IF(AND(H8=40,J8=1),"OK","Full carton must be 40 + 1"),IF(F8="Student only (40 ST)",IF(AND(H8=40,J8=0),"OK","Must be 40 ST, 0 TG"),IF(F8="Teacher guide only (40 TG)",IF(AND(H8=0,J8=40),"OK","Must be 0 ST, 40 TG"),IF(AND(H8<40,H8+J8>0,H8+J8<=40),"OK","Partial: under 40 ST and 40 books max"))))))))))
A9: BG-Z-0101 | B9: Assosa | C9: Benishangul Gumuz | D9: Assosa | E9: 0101 | F9: Student only (40 ST) | G9: 25101-059-2-0116 | H9: 40 | J9: 0 | K9: 4 | L9: 5 | M9: 0101-000008 | N9: 2026-11-02 | P9: =IF(A9="","","Package/"&C9&"/"&D9&"/"&A9&".png") | Q9: =IF(AND(B9="",G9=""),"",IF(B9="","Package QR Text missing",IF(COUNTIFS($E$2:$E$5001,E9,$B$2:$B$5001,"<>"&B9)+COUNTIFS($E$2:$E$5001,E9,$A$2:$A$5001,"<>"&A9)>0,"Zone has more than one QR code",IF(COUNTIFS($B$2:$B$5001,B9,$E$2:$E$5001,"<>"&E9)+COUNTIFS($A$2:$A$5001,A9,$E$2:$E$5001,"<>"&E9)>0,"QR code used by another zone",IF(A9="","Package QR Code No. missing",IF(OR(H9>40,J9>40),"More than 40 of one edition",IF(F9="Full (40 ST + 1 TG)",IF(AND(H9=40,J9=1),"OK","Full carton must be 40 + 1"),IF(F9="Student only (40 ST)",IF(AND(H9=40,J9=0),"OK","Must be 40 ST, 0 TG"),IF(F9="Teacher guide only (40 TG)",IF(AND(H9=0,J9=40),"OK","Must be 0 ST, 40 TG"),IF(AND(H9<40,H9+J9>0,H9+J9<=40),"OK","Partial: under 40 ST and 40 books max"))))))))))
A10: BG-Z-0101 | B10: Assosa | C10: Benishangul Gumuz | D10: Assosa | E10: 0101 | F10: Student only (40 ST) | G10: 25101-059-2-0116 | H10: 40 | J10: 0 | K10: 5 | L10: 5 | M10: 0101-000009 | N10: 2026-11-02 | P10: =IF(A10="","","Package/"&C10&"/"&D10&"/"&A10&".png") | Q10: =IF(AND(B10="",G10=""),"",IF(B10="","Package QR Text missing",IF(COUNTIFS($E$2:$E$5001,E10,$B$2:$B$5001,"<>"&B10)+COUNTIFS($E$2:$E$5001,E10,$A$2:$A$5001,"<>"&A10)>0,"Zone has more than one QR code",IF(COUNTIFS($B$2:$B$5001,B10,$E$2:$E$5001,"<>"&E10)+COUNTIFS($A$2:$A$5001,A10,$E$2:$E$5001,"<>"&E10)>0,"QR code used by another zone",IF(A10="","Package QR Code No. missing",IF(OR(H10>40,J10>40),"More than 40 of one edition",IF(F10="Full (40 ST + 1 TG)",IF(AND(H10=40,J10=1),"OK","Full carton must be 40 + 1"),IF(F10="Student only (40 ST)",IF(AND(H10=40,J10=0),"OK","Must be 40 ST, 0 TG"),IF(F10="Teacher guide only (40 TG)",IF(AND(H10=0,J10=40),"OK","Must be 0 ST, 40 TG"),IF(AND(H10<40,H10+J10>0,H10+J10<=40),"OK","Partial: under 40 ST and 40 books max"))))))))))
P11: =IF(A11="","","Package/"&C11&"/"&D11&"/"&A11&".png") | Q11: =IF(AND(B11="",G11=""),"",IF(B11="","Package QR Text missing",IF(COUNTIFS($E$2:$E$5001,E11,$B$2:$B$5001,"<>"&B11)+COUNTIFS($E$2:$E$5001,E11,$A$2:$A$5001,"<>"&A11)>0,"Zone has more than one QR code",IF(COUNTIFS($B$2:$B$5001,B11,$E$2:$E$5001,"<>"&E11)+COUNTIFS($A$2:$A$5001,A11,$E$2:$E$5001,"<>"&E11)>0,"QR code used by another zone",IF(A11="","Package QR Code No. missing",IF(OR(H11>40,J11>40),"More than 40 of one edition",IF(F11="Full (40 ST + 1 TG)",IF(AND(H11=40,J11=1),"OK","Full carton must be 40 + 1"),IF(F11="Student only (40 ST)",IF(AND(H11=40,J11=0),"OK","Must be 40 ST, 0 TG"),IF(F11="Teacher guide only (40 TG)",IF(AND(H11=0,J11=40),"OK","Must be 0 ST, 40 TG"),IF(AND(H11<40,H11+J11>0,H11+J11<=40),"OK","Partial: under 40 ST and 40 books max"))))))))))
P12: =IF(A12="","","Package/"&C12&"/"&D12&"/"&A12&".png") | Q12: =IF(AND(B12="",G12=""),"",IF(B12="","Package QR Text missing",IF(COUNTIFS($E$2:$E$5001,E12,$B$2:$B$5001,"<>"&B12)+COUNTIFS($E$2:$E$5001,E12,$A$2:$A$5001,"<>"&A12)>0,"Zone has more than one QR code",IF(COUNTIFS($B$2:$B$5001,B12,$E$2:$E$5001,"<>"&E12)+COUNTIFS($A$2:$A$5001,A12,$E$2:$E$5001,"<>"&E12)>0,"QR code used by another zone",IF(A12="","Package QR Code No. missing",IF(OR(H12>40,J12>40),"More than 40 of one edition",IF(F12="Full (40 ST + 1 TG)",IF(AND(H12=40,J12=1),"OK","Full carton must be 40 + 1"),IF(F12="Student only (40 ST)",IF(AND(H12=40,J12=0),"OK","Must be 40 ST, 0 TG"),IF(F12="Teacher guide only (40 TG)",IF(AND(H12=0,J12=40),"OK","Must be 0 ST, 40 TG"),IF(AND(H12<40,H12+J12>0,H12+J12<=40),"OK","Partial: under 40 ST and 40 books max"))))))))))
P13: =IF(A13="","","Package/"&C13&"/"&D13&"/"&A13&".png") | Q13: =IF(AND(B13="",G13=""),"",IF(B13="","Package QR Text missing",IF(COUNTIFS($E$2:$E$5001,E13,$B$2:$B$5001,"<>"&B13)+COUNTIFS($E$2:$E$5001,E13,$A$2:$A$5001,"<>"&A13)>0,"Zone has more than one QR code",IF(COUNTIFS($B$2:$B$5001,B13,$E$2:$E$5001,"<>"&E13)+COUNTIFS($A$2:$A$5001,A13,$E$2:$E$5001,"<>"&E13)>0,"QR code used by another zone",IF(A13="","Package QR Code No. missing",IF(OR(H13>40,J13>40),"More than 40 of one edition",IF(F13="Full (40 ST + 1 TG)",IF(AND(H13=40,J13=1),"OK","Full carton must be 40 + 1"),IF(F13="Student only (40 ST)",IF(AND(H13=40,J13=0),"OK","Must be 40 ST, 0 TG"),IF(F13="Teacher guide only (40 TG)",IF(AND(H13=0,J13=40),"OK","Must be 0 ST, 40 TG"),IF(AND(H13<40,H13+J13>0,H13+J13<=40),"OK","Partial: under 40 ST and 40 books max"))))))))))
P14: =IF(A14="","","Package/"&C14&"/"&D14&"/"&A14&".png") | Q14: =IF(AND(B14="",G14=""),"",IF(B14="","Package QR Text missing",IF(COUNTIFS($E$2:$E$5001,E14,$B$2:$B$5001,"<>"&B14)+COUNTIFS($E$2:$E$5001,E14,$A$2:$A$5001,"<>"&A14)>0,"Zone has more than one QR code",IF(COUNTIFS($B$2:$B$5001,B14,$E$2:$E$5001,"<>"&E14)+COUNTIFS($A$2:$A$5001,A14,$E$2:$E$5001,"<>"&E14)>0,"QR code used by another zone",IF(A14="","Package QR Code No. missing",IF(OR(H14>40,J14>40),"More than 40 of one edition",IF(F14="Full (40 ST + 1 TG)",IF(AND(H14=40,J14=1),"OK","Full carton must be 40 + 1"),IF(F14="Student only (40 ST)",IF(AND(H14=40,J14=0),"OK","Must be 40 ST, 0 TG"),IF(F14="Teacher guide only (40 TG)",IF(AND(H14=0,J14=40),"OK","Must be 0 ST, 40 TG"),IF(AND(H14<40,H14+J14>0,H14+J14<=40),"OK","Partial: under 40 ST and 40 books max"))))))))))
P15: =IF(A15="","","Package/"&C15&"/"&D15&"/"&A15&".png") | Q15: =IF(AND(B15="",G15=""),"",IF(B15="","Package QR Text missing",IF(COUNTIFS($E$2:$E$5001,E15,$B$2:$B$5001,"<>"&B15)+COUNTIFS($E$2:$E$5001,E15,$A$2:$A$5001,"<>"&A15)>0,"Zone has more than one QR code",IF(COUNTIFS($B$2:$B$5001,B15,$E$2:$E$5001,"<>"&E15)+COUNTIFS($A$2:$A$5001,A15,$E$2:$E$5001,"<>"&E15)>0,"QR code used by another zone",IF(A15="","Package QR Code No. missing",IF(OR(H15>40,J15>40),"More than 40 of one edition",IF(F15="Full (40 ST + 1 TG)",IF(AND(H15=40,J15=1),"OK","Full carton must be 40 + 1"),IF(F15="Student only (40 ST)",IF(AND(H15=40,J15=0),"OK","Must be 40 ST, 0 TG"),IF(F15="Teacher guide only (40 TG)",IF(AND(H15=0,J15=40),"OK","Must be 0 ST, 40 TG"),IF(AND(H15<40,H15+J15>0,H15+J15<=40),"OK","Partial: under 40 ST and 40 books max"))))))))))
P16: =IF(A16="","","Package/"&C16&"/"&D16&"/"&A16&".png") | Q16: =IF(AND(B16="",G16=""),"",IF(B16="","Package QR Text missing",IF(COUNTIFS($E$2:$E$5001,E16,$B$2:$B$5001,"<>"&B16)+COUNTIFS($E$2:$E$5001,E16,$A$2:$A$5001,"<>"&A16)>0,"Zone has more than one QR code",IF(COUNTIFS($B$2:$B$5001,B16,$E$2:$E$5001,"<>"&E16)+COUNTIFS($A$2:$A$5001,A16,$E$2:$E$5001,"<>"&E16)>0,"QR code used by another zone",IF(A16="","Package QR Code No. missing",IF(OR(H16>40,J16>40),"More than 40 of one edition",IF(F16="Full (40 ST + 1 TG)",IF(AND(H16=40,J16=1),"OK","Full carton must be 40 + 1"),IF(F16="Student only (40 ST)",IF(AND(H16=40,J16=0),"OK","Must be 40 ST, 0 TG"),IF(F16="Teacher guide only (40 TG)",IF(AND(H16=0,J16=40),"OK","Must be 0 ST, 40 TG"),IF(AND(H16<40,H16+J16>0,H16+J16<=40),"OK","Partial: under 40 ST and 40 books max"))))))))))
P17: =IF(A17="","","Package/"&C17&"/"&D17&"/"&A17&".png") | Q17: =IF(AND(B17="",G17=""),"",IF(B17="","Package QR Text missing",IF(COUNTIFS($E$2:$E$5001,E17,$B$2:$B$5001,"<>"&B17)+COUNTIFS($E$2:$E$5001,E17,$A$2:$A$5001,"<>"&A17)>0,"Zone has more than one QR code",IF(COUNTIFS($B$2:$B$5001,B17,$E$2:$E$5001,"<>"&E17)+COUNTIFS($A$2:$A$5001,A17,$E$2:$E$5001,"<>"&E17)>0,"QR code used by another zone",IF(A17="","Package QR Code No. missing",IF(OR(H17>40,J17>40),"More than 40 of one edition",IF(F17="Full (40 ST + 1 TG)",IF(AND(H17=40,J17=1),"OK","Full carton must be 40 + 1"),IF(F17="Student only (40 ST)",IF(AND(H17=40,J17=0),"OK","Must be 40 ST, 0 TG"),IF(F17="Teacher guide only (40 TG)",IF(AND(H17=0,J17=40),"OK","Must be 0 ST, 40 TG"),IF(AND(H17<40,H17+J17>0,H17+J17<=40),"OK","Partial: under 40 ST and 40 books max"))))))))))
P18: =IF(A18="","","Package/"&C18&"/"&D18&"/"&A18&".png") | Q18: =IF(AND(B18="",G18=""),"",IF(B18="","Package QR Text missing",IF(COUNTIFS($E$2:$E$5001,E18,$B$2:$B$5001,"<>"&B18)+COUNTIFS($E$2:$E$5001,E18,$A$2:$A$5001,"<>"&A18)>0,"Zone has more than one QR code",IF(COUNTIFS($B$2:$B$5001,B18,$E$2:$E$5001,"<>"&E18)+COUNTIFS($A$2:$A$5001,A18,$E$2:$E$5001,"<>"&E18)>0,"QR code used by another zone",IF(A18="","Package QR Code No. missing",IF(OR(H18>40,J18>40),"More than 40 of one edition",IF(F18="Full (40 ST + 1 TG)",IF(AND(H18=40,J18=1),"OK","Full carton must be 40 + 1"),IF(F18="Student only (40 ST)",IF(AND(H18=40,J18=0),"OK","Must be 40 ST, 0 TG"),IF(F18="Teacher guide only (40 TG)",IF(AND(H18=0,J18=40),"OK","Must be 0 ST, 40 TG"),IF(AND(H18<40,H18+J18>0,H18+J18<=40),"OK","Partial: under 40 ST and 40 books max"))))))))))
P19: =IF(A19="","","Package/"&C19&"/"&D19&"/"&A19&".png") | Q19: =IF(AND(B19="",G19=""),"",IF(B19="","Package QR Text missing",IF(COUNTIFS($E$2:$E$5001,E19,$B$2:$B$5001,"<>"&B19)+COUNTIFS($E$2:$E$5001,E19,$A$2:$A$5001,"<>"&A19)>0,"Zone has more than one QR code",IF(COUNTIFS($B$2:$B$5001,B19,$E$2:$E$5001,"<>"&E19)+COUNTIFS($A$2:$A$5001,A19,$E$2:$E$5001,"<>"&E19)>0,"QR code used by another zone",IF(A19="","Package QR Code No. missing",IF(OR(H19>40,J19>40),"More than 40 of one edition",IF(F19="Full (40 ST + 1 TG)",IF(AND(H19=40,J19=1),"OK","Full carton must be 40 + 1"),IF(F19="Student only (40 ST)",IF(AND(H19=40,J19=0),"OK","Must be 40 ST, 0 TG"),IF(F19="Teacher guide only (40 TG)",IF(AND(H19=0,J19=40),"OK","Must be 0 ST, 40 TG"),IF(AND(H19<40,H19+J19>0,H19+J19<=40),"OK","Partial: under 40 ST and 40 books max"))))))))))
P20: =IF(A20="","","Package/"&C20&"/"&D20&"/"&A20&".png") | Q20: =IF(AND(B20="",G20=""),"",IF(B20="","Package QR Text missing",IF(COUNTIFS($E$2:$E$5001,E20,$B$2:$B$5001,"<>"&B20)+COUNTIFS($E$2:$E$5001,E20,$A$2:$A$5001,"<>"&A20)>0,"Zone has more than one QR code",IF(COUNTIFS($B$2:$B$5001,B20,$E$2:$E$5001,"<>"&E20)+COUNTIFS($A$2:$A$5001,A20,$E$2:$E$5001,"<>"&E20)>0,"QR code used by another zone",IF(A20="","Package QR Code No. missing",IF(OR(H20>40,J20>40),"More than 40 of one edition",IF(F20="Full (40 ST + 1 TG)",IF(AND(H20=40,J20=1),"OK","Full carton must be 40 + 1"),IF(F20="Student only (40 ST)",IF(AND(H20=40,J20=0),"OK","Must be 40 ST, 0 TG"),IF(F20="Teacher guide only (40 TG)",IF(AND(H20=0,J20=40),"OK","Must be 0 ST, 40 TG"),IF(AND(H20<40,H20+J20>0,H20+J20<=40),"OK","Partial: under 40 ST and 40 books max"))))))))))
P21: =IF(A21="","","Package/"&C21&"/"&D21&"/"&A21&".png") | Q21: =IF(AND(B21="",G21=""),"",IF(B21="","Package QR Text missing",IF(COUNTIFS($E$2:$E$5001,E21,$B$2:$B$5001,"<>"&B21)+COUNTIFS($E$2:$E$5001,E21,$A$2:$A$5001,"<>"&A21)>0,"Zone has more than one QR code",IF(COUNTIFS($B$2:$B$5001,B21,$E$2:$E$5001,"<>"&E21)+COUNTIFS($A$2:$A$5001,A21,$E$2:$E$5001,"<>"&E21)>0,"QR code used by another zone",IF(A21="","Package QR Code No. missing",IF(OR(H21>40,J21>40),"More than 40 of one edition",IF(F21="Full (40 ST + 1 TG)",IF(AND(H21=40,J21=1),"OK","Full carton must be 40 + 1"),IF(F21="Student only (40 ST)",IF(AND(H21=40,J21=0),"OK","Must be 40 ST, 0 TG"),IF(F21="Teacher guide only (40 TG)",IF(AND(H21=0,J21=40),"OK","Must be 0 ST, 40 TG"),IF(AND(H21<40,H21+J21>0,H21+J21<=40),"OK","Partial: under 40 ST and 40 books max"))))))))))
P22: =IF(A22="","","Package/"&C22&"/"&D22&"/"&A22&".png") | Q22: =IF(AND(B22="",G22=""),"",IF(B22="","Package QR Text missing",IF(COUNTIFS($E$2:$E$5001,E22,$B$2:$B$5001,"<>"&B22)+COUNTIFS($E$2:$E$5001,E22,$A$2:$A$5001,"<>"&A22)>0,"Zone has more than one QR code",IF(COUNTIFS($B$2:$B$5001,B22,$E$2:$E$5001,"<>"&E22)+COUNTIFS($A$2:$A$5001,A22,$E$2:$E$5001,"<>"&E22)>0,"QR code used by another zone",IF(A22="","Package QR Code No. missing",IF(OR(H22>40,J22>40),"More than 40 of one edition",IF(F22="Full (40 ST + 1 TG)",IF(AND(H22=40,J22=1),"OK","Full carton must be 40 + 1"),IF(F22="Student only (40 ST)",IF(AND(H22=40,J22=0),"OK","Must be 40 ST, 0 TG"),IF(F22="Teacher guide only (40 TG)",IF(AND(H22=0,J22=40),"OK","Must be 0 ST, 40 TG"),IF(AND(H22<40,H22+J22>0,H22+J22<=40),"OK","Partial: under 40 ST and 40 books max"))))))))))
... P5001: =IF(A5001="","","Package/"&C5001&"/"&D5001&"/"&A5001&".png") | Q5001: =IF(AND(B5001="",G5001=""),"",IF(B5001="","Package QR Text missing",IF(COUNTIFS($E$2:$E$5001,E5001,$B$2:$B$5001,"<>"&B5001)+COUNTIFS($E$2:$E$5001,E5001,$A$2:$A$5001,"<>"&A5001)>0,"Zone has more than one QR code",IF(COUNTIFS($B$2:$B$5001,B5001,$E$2:$E$5001,"<>"&E5001)+COUNTIFS($A$2:$A$5001,A5001,$E$2:$E$5001,"<>"&E5001)>0,"QR code used by another zone",IF(A5001="","Package QR Code No. missing",IF(OR(H5001>40,J5001>40),"More than 40 of one edition",IF(F5001="Full (40 ST + 1 TG)",IF(AND(H5001=40,J5001=1),"OK","Full carton must be 40 + 1"),IF(F5001="Student only (40 ST)",IF(AND(H5001=40,J5001=0),"OK","Must be 40 ST, 0 TG"),IF(F5001="Teacher guide only (40 TG)",IF(AND(H5001=0,J5001=40),"OK","Must be 0 ST, 40 TG"),IF(AND(H5001<40,H5001+J5001>0,H5001+J5001<=40),"OK","Partial: under 40 ST and 40 books max"))))))))))

Sheet Lists
A1: Edition | B1: Carton Type | C1: Yes/No
A2: Student book | B2: Full (40 ST + 1 TG) | C2: Yes
A3: Teacher guide | B3: Student only (40 ST) | C3: No
B4: Teacher guide only (40 TG)
B5: Partial
